{
    "name": "calendarDatePicker",
    "title": "Simple Calendar and Date Picker",
    "description": "A simple calendar and date picker only depends on JQuery",
    "keywords": [
        "calendar",
        "datePicker"
    ],
    "version": "0.1.3",
    "author": {
        "name": "oneyoung",
        "url": "http://oneyoung.im/"
    },
    "licenses": [
        {
            "type": "MIT",
            "url": "http://opensource.org/licenses/MIT"
        }
    ],
    "bugs": "https://github.com/oneyoung/jquery-calendar/issues",
    "homepage": "http://oneyoung.im/jquery-calendar/",
    "download": "https://github.com/oneyoung/jquery-calendar/zipball/master",
    "demo": "http://oneyoung.im/jquery-calendar/demo",
    "dependencies": {
        "jquery": ">=1.8"
    }
}

